jd_file,overall_score,reasoning,resume_skills,jd_skills,missing_skills,suggestions
job1.docx,74,Invalid response structure,Python;Java;R;SQL/MySQL;Business Analysis;Financial Modeling;Risk Analysis;Regulatory Compliance;Due Diligence;Project Management;AI Automation;Data Processing;Microsoft Software;Video Editing;Photography;Chinese;English;Japanese;Scrum Product Owner Certification,Business Consulting;Business Transformation;Digital Solutions;AI Solutions;Large-scale Transformation Programs;Multi-stakeholder Projects;Business Process Analysis;Financial Modeling;Performance Improvement;Analytical Skills;Problem-solving;Interpersonal Skills;Communication;Collaboration;Resilience;Innovation;Team-oriented Environment;Public Policy;Regulations;Data Analytics;IT System Design;Implementation,Large-scale transformation program experience;Multi-stakeholder project management;Public policy/regulations expertise;Direct consulting project delivery;IT system design and implementation,"Led cross-functional teams in business process analysis, identifying 15% efficiency improvements through digital transformation initiatives
Developed comprehensive financial models for organizational transformation projects, supporting strategic decision-making for senior leadership
Collaborated with multi-stakeholder groups to design AI-driven solutions that addressed complex business challenges across diverse industries
Implemented data analytics frameworks to measure performance improvements and ROI for business transformation initiatives
Managed project deliverables for large-scale digital transformation, coordinating with technical and business teams to ensure successful implementation"
job10.docx,13,Invalid response structure,Python;Java;R;SQL/MySQL;Business Analysis;Financial Modeling;Risk Management;Regulatory Compliance;Project Management;AI Automation;Microsoft Software;Video Editing;Photography;Drawing;Chinese;English;Japanese;Scrum Product Owner Certification,Climbing Instruction;Customer Service;Safety Compliance;Team Building;Retail Operations;Loss Prevention;Climbing Certification;Physical Safety;Equipment Maintenance;Inclusive Environment;Training Programs;Event Coordination,Climbing Certification;Climbing Instruction Experience;Retail Customer Service;Rock Wall Safety Management;Outdoor Equipment Knowledge,"Completed comprehensive climbing safety certification program, mastering belay techniques and equipment inspection protocols
Volunteered as climbing instructor for youth programs, teaching basic techniques to 50+ beginner climbers monthly
Managed retail climbing gear department, providing expert product recommendations and safety guidance to customers
Developed and implemented safety procedures for climbing wall operations, reducing incident rates by 25% through proactive monitoring"
job2.docx,30,Invalid response structure,Python;Java;R;SQL/MySQL;Business Analysis;Financial Modeling;Risk Analysis;Regulatory Compliance;Due Diligence;Project Management;AI Automation;Scrum Product Owner;Microsoft Software;Video Editing;Photography;Chinese;English;Japanese,C#;C+;Powershell;Batch Languages;Ansible/AWS;Auto IT/Terraform;Linux;Windows Systems (7/10/11/Server);Software Development Methodologies (Agile/Waterfall);Analytical/Problem-Solving;Communication/Interpersonal Skills;OS Development;Automation Scripting;Build Process Automation;Vulnerability Management;Medical Device Software,C#/C+ Programming;Windows/Linux OS Expertise;Ansible/AWS/Terraform Automation Tools;Medical Device Software Experience;Build Process Automation,"Developed Windows automation scripts using Powershell and Batch to streamline OS build processes, reducing manual intervention by 60%
Implemented Ansible playbooks for automated vulnerability scanning and patch management across enterprise systems
Collaborated with cybersecurity teams to harden OS images for medical device compliance, addressing 30+ security requirements
Automated software distribution pipelines using Terraform, cutting deployment time from hours to minutes for critical updates"
job3.docx,9,Invalid response structure,Python;Java;R;SQL/MySQL;Business Analysis;Financial Modeling;Risk Analysis;Compliance;Project Management;Automation Scripts;AI Systems;Microsoft Software;Video Editing;Photography;Chinese;English;Japanese,Mechanical Engineering;CAD Software;SolidWorks;AutoCAD;FEA;Kinematic Modeling;ANSYS;MATLAB;3D Printing;CNC Machining;Injection Molding;Sensor Integration;Actuators;Control Systems;Sheet Metal Design;Gears;Belts;Pulleys;Solenoids;Stepper Motors;DC Motors;Servo Motors;Precision Engineering;Material Handling;Prototyping;Failure Mode Analysis;Thermal Management;Vibration Analysis,Mechanical Engineering degree/background;CAD software proficiency;Mechanical prototyping experience;Electromechanical systems integration;Precision engineering skills,"Designed and prototyped mechanical components using CAD software, reducing development time by 25% through iterative testing
Integrated sensor systems with mechanical actuators to achieve 99% reliability in automated dispensing mechanisms
Conducted FEA analysis on structural components, optimizing material selection and reducing weight by 15% while maintaining durability"
job4.docx,9,Invalid response structure,Python;Java;R;SQL/MySQL;Business Analysis;Financial Modeling;Risk Analysis;Regulatory Compliance;Due Diligence;Project Management;AI Automation;Scrum Product Owner;Video Editing;Photography;Microsoft Software;Chinese;English;Japanese,Analog Design;Power Systems;AC-DC;DC-DC;High Speed Circuit Design;VHDL;Multilayer PCB Design;Electrical Hardware Integration;Troubleshooting;Amplifiers;Filters;Power Supplies;Signal Conditioning;CAN;SPI;I2C;Ethernet;Safety Significant Circuits;Automotive Industry;Medical Industry;Defense Industry,Analog Circuit Design;VHDL Programming;Power Systems (AC-DC/DC-DC);Multilayer PCB Design;High-Speed Digital Circuit Design,"Designed and simulated analog circuits including amplifiers and power supplies using industry-standard EDA tools
Developed VHDL code for hardware description and implemented digital logic designs on FPGA platforms
Created multilayer PCB layouts for power conversion circuits following automotive industry safety standards
Troubleshot and verified electrical hardware systems using oscilloscopes and signal analyzers"
job5.docx,27,Invalid response structure,Python;Java;R;SQL/MySQL;Business Analysis;Financial Modeling;Risk Analysis;Regulatory Compliance;Due Diligence;Project Management;AI Automation;Microsoft Software;Video Editing;Photography;Drawing;Chinese;English;Japanese;Budget Management,Asset Management;Equipment Testing;Database Management;Equipment Troubleshooting;Logistics Coordination;Safety Compliance;PPE Management;Root Cause Analysis;Training Delivery;Vehicle Audits;Workday;LDAR Database;Microsoft Office Suite;TWIC Credential;RSO Training;First Aid/CPR;OSHA Respiratory Protection;Leadership;Problem Solving;Analytical Skills;Communication Skills;Time Management,Electronic Equipment Troubleshooting;Asset Management Experience;LDAR Database/Asset Software;Safety Compliance and PPE Management;Equipment Testing and Quality Control,"Managed equipment inventory and conducted quality testing for 50+ electronic devices, ensuring 100% operational readiness for field deployment
Troubleshot and resolved technical equipment issues, reducing downtime by 30% through systematic root cause analysis procedures
Coordinated domestic shipments of calibration gases and hazardous materials while maintaining full compliance with safety regulations
Developed and delivered equipment training sessions to 20+ technicians, improving proper usage and care by 40%
Performed monthly vehicle audits and equipment inspections, identifying and addressing safety concerns before field deployment"
job6.docx,28,Invalid response structure,Python;Java;R;SQL/MySQL;Business Analysis;Financial Modeling;Risk Analysis;Regulatory Compliance;Due Diligence;Project Management;AI Automation;Process Improvement;Microsoft Software;Video Editing;Photography;Chinese;English;Japanese,SAP Transportation Management (TM);SAP Implementation;Technical Analysis;Business Requirements Definition;Solution Architecture;Blueprinting;Testing;Documentation;Functional Design;Configuration Management;Integration Management;Project Management;Client Relationship Management;Team Leadership;Change Management;RFP Responses;Consulting;Supply Chain;FICO;BPC;Data & Analytics,SAP Transportation Management (TM) experience;Full cycle SAP implementation experience;Consulting industry experience;SAP certification(s);4-6 years relevant experience,"Led cross-functional teams in business process analysis and requirements gathering for enterprise technology implementations, improving operational efficiency by 25%
Managed client engagement deliverables and stakeholder communications for complex technology transformation projects with 95% on-time completion
Developed functional specifications and solution architectures for supply chain management systems, reducing implementation timelines by 30%
Directed full lifecycle SAP module implementations, coordinating technical teams and ensuring business requirements alignment across 5+ client projects"
job7.docx,33,Invalid response structure,Python;Java;R;SQL/MySQL;Business Analysis;Financial Modeling;Risk Management;Regulatory Compliance;Due Diligence;Project Management;AI Automation;Process Improvement;Microsoft Software;Video Editing;Photography;Chinese;English;Japanese;Scrum Product Owner,Business Architecture;Business Process Management;Process Modeling;BPM Notation;Process Mining;Governance Frameworks;APQC Standards;Enterprise Architecture;SAP;Salesforce;ServiceNow;ARIS Architect;LeanIX;Process Standardization;Change Management;Center of Excellence;Shared Services;Stakeholder Communication;Structured Problem-Solving,10+ years Business Architecture experience;Enterprise platforms (SAP/Salesforce/ServiceNow);ARIS Architect proficiency;BPM Center of Excellence establishment;Process mining and APQC standards,"Developed business process models using BPMN notation to optimize workflow efficiency by 25% across cross-functional teams
Implemented process mining techniques to identify automation opportunities, reducing manual effort by 40% in key business functions
Designed and documented enterprise process architectures aligned with APQC standards for scalable business transformation initiatives
Led process standardization efforts using ARIS Architect to create reusable patterns for enterprise application implementations"
job8.docx,72,Invalid response structure,Python;Java;R;SQL/MySQL;Financial Modeling;Risk Analysis;Compliance;Due Diligence;Business Analysis;AI Automation;Project Management;Excel;Budget Management;Financial Reporting;Process Improvement;Data Analysis;Automation Scripts;Scrum Product Owner,Financial Analysis;Financial Planning & Analysis;Financial Modeling;Budgeting;Forecasting;Financial Reports;Variance Analysis;General Ledger;Month-end Close;Excel;Problem Solving;Self Motivation;Results-Oriented;Process Improvements;Financial Metrics;Rate/Volume Analysis,Month-end close process experience;General ledger analysis;Budgeting and forecasting processes;Financial statement preparation;Rate/volume analysis,"Developed financial models for monthly forecasting that improved budget accuracy by 25% through variance analysis
Supported month-end close process by analyzing general ledger accounts and preparing journal entries
Created automated Excel dashboards for financial reporting that reduced preparation time by 30%
Performed rate/volume analysis on transaction data to identify trends and support operational decisions
Assisted in annual budget preparation by collaborating with operations teams on financial projections"
job9.docx,33,Invalid response structure,Python;Java;R;SQL/MySQL;Business Analysis;Financial Modeling;Risk Analysis;Regulatory Compliance;Due Diligence;Project Management;AI Automation;Excel;Budget Management;Chinese;English;Japanese;Video Editing;Photography,Retail Management;Team Leadership;Hiring & Recruitment;Coaching & Development;Performance Management;Payroll Management;Scheduling;Sales Analysis;Merchandising Standards;Loss Prevention;Safety Compliance;Customer Service;Store Operations;BOPIS;Ship-from-Store;Community Engagement,Retail Management Experience;Team Leadership & Coaching;Store Operations Management;Merchandising & Visual Standards;Loss Prevention & Safety Compliance,"Led cross-functional retail team of 15+ members, improving store efficiency by 25% through optimized scheduling and workflow processes
Implemented visual merchandising standards that increased product visibility and boosted sales by 18% across key departments
Developed and delivered training programs for 30+ team members, reducing onboarding time by 40% while improving customer service metrics
Managed daily store operations including inventory control, loss prevention audits, and safety compliance, achieving 100% regulatory adherence
Analyzed sales reports and athlete traffic patterns to optimize staffing schedules, reducing payroll costs by 15% while maintaining service quality"
